Speed (km/h),Weight (kg),Temperature (°C),Road Inclination (%),Hydrogen Consumption (kg/100km),SOC (%),Battery Power (kW),Battery Temp (°C),target
63.7086107,2396.323428,-0.743353558,0.190817851,12.39096484,49.96,19.82,18.33,0
115.5642876,2072.192733,17.09504737,-0.208181224,11.66817315,96.06,3.61,34.39,1
95.87945476,1619.055233,33.64729179,-4.743579342,9.307606068,78.56,-19.05,49.28,1
83.87926358,2627.590039,26.61124432,-1.587521724,14.86916288,67.89,31.38,42.95,1
44.04167764,2369.462345,30.32805739,-1.198043812,13.30250802,32.48,18.47,46.3,0
44.03950683,1325.233879,22.93916834,-1.011772191,6.44403573,32.48,-33.74,39.65,0
35.2275251,2821.854369,24.61382823,0.801723692,16.08442434,24.65,41.09,41.15,0
107.9558531,2645.074486,32.45978258,0.336025467,14.79884883,89.29,32.25,48.21,1
84.10035106,2899.599827,2.483400443,1.079050928,16.16617638,68.09,44.98,21.24,1
93.726532,2451.439017,14.47124818,2.648832615,13.31926654,76.65,22.57,32.02,1
31.85260449,2226.830392,1.060472091,3.129857387,9.43025479,21.65,11.34,19.95,0
117.2918867,1836.486073,39.3834004,2.181230762,12.08391641,97.59,-8.18,54.45,1
104.9198377,2865.456967,37.20296698,4.55523696,16.92715292,86.6,43.27,52.48,1
49.11051996,2732.127779,-8.028659432,-4.817674173,14.29727811,36.99,36.61,11.77,0
46.36424705,1090.43734,25.27875863,-3.042220143,6.102408169,34.55,-45.48,41.75,0
46.50640589,1052.733949,36.26241587,-4.92437125,6.199381784,34.67,-47.36,51.64,0
57.38180187,1752.926734,-0.971232744,1.474747142,8.403678591,44.34,-12.35,18.13,0
77.22807885,2621.106662,18.39726153,3.980305489,14.05647876,61.98,31.06,35.56,1
68.87505168,2974.552259,35.77441488,-2.565177034,16.60982755,54.56,48.73,51.2,0
56.21062262,1300.833782,-8.302701071,4.270345448,6.585229314,43.3,-34.96,11.53,0
85.06676053,2188.261431,24.87101336,-4.397326097,12.55557038,68.95,9.41,41.38,1
42.55444746,1761.781713,4.867450369,4.344360268,8.385072015,31.16,-11.91,23.38,0
56.29301837,2939.828796,36.21980977,-1.483773128,15.88472304,43.37,46.99,51.6,0
62.9725659,2684.237846,38.55291226,-3.985791716,14.13989619,49.31,34.21,53.7,0
71.04629858,2676.657409,37.21332446,-0.141282408,12.81270949,56.49,33.83,52.49,0
100.6658365,1937.38632,13.71071083,-2.432234323,12.65491354,82.81,-3.13,31.34,1
47.97064039,1829.639005,33.10213255,-2.15127098,8.9774568,35.97,-8.52,48.79,0
76.28109946,1546.814144,32.22746993,-1.927100351,8.069352562,61.14,-22.66,48,1
83.3173112,1112.750993,5.955023662,3.030258978,7.46202792,67.39,-44.36,24.36,1
34.18053714,2729.444753,31.44577371,0.391612767,15.1767625,23.72,36.47,47.3,0
84.67903667,2625.802018,-8.149618264,-1.886923008,13.8316575,68.6,31.29,11.67,1
45.34717113,2999.435347,19.81349392,1.103337833,15.8007652,33.64,49.97,36.83,0
35.85464337,2993.273674,1.500441864,2.161506742,16.16211852,25.2,49.66,20.35,0
115.3996984,2110.863411,-3.971655711,-2.273759993,13.52692039,95.91,5.54,15.43,1
116.906883,2537.97483,-6.152339919,-0.864508985,15.2400415,97.25,26.9,13.46,1
102.7557613,2889.53146,24.81443879,-3.781139067,15.77416613,84.67,44.48,41.33,1
57.41523923,2699.294781,6.993748188,-3.188506505,13.65159579,44.37,34.96,25.29,0
38.79049026,1494.696203,26.23833858,1.81117854,8.127386676,27.81,-25.27,42.61,0
91.58097239,1901.088271,-6.73218296,-3.185616523,10.23667512,74.74,-4.95,12.94,1
69.61372444,1258.31883,5.764516892,0.251633837,4.712422003,55.21,-37.08,24.19,0
40.98344114,2908.102055,16.97456462,2.090462617,15.68970713,29.76,45.41,34.28,0
74.56592191,2212.349269,29.53615824,-3.931230769,13.04370112,59.61,10.62,45.58,0
33.0949669,1457.285611,5.937625147,0.673122196,5.546212372,22.75,-27.14,24.34,0
111.8388362,2343.401369,21.29456882,-2.434372163,12.65807601,92.75,17.17,38.17,1
53.29019834,2236.256481,34.29888741,4.629268752,12.66212982,40.7,11.81,49.87,0
89.62700559,1716.325436,20.79315941,-0.164543533,12.21879486,73,-14.18,37.71,1
58.05399685,1227.115184,1.647973738,3.059925498,7.392767594,44.94,-38.64,20.48,0
76.80612191,2343.146391,-8.779960922,0.502265422,12.62671902,61.61,17.16,11.1,1
79.20392514,2040.615402,33.5049437,-4.565874671,11.13223339,63.74,2.03,49.15,1
46.636901,2544.636783,-8.936529457,1.331513756,15.16010906,34.79,27.23,10.96,0
117.2626165,2040.327002,33.73508363,4.514033422,11.69899333,97.57,2.02,49.36,1
99.7619541,2704.363001,16.4468567,1.016118201,14.58387706,82.01,35.22,33.8,1
114.5549047,2103.813678,36.95338493,3.191888594,12.05364577,95.16,5.19,52.26,1
110.5344615,2121.875943,29.93916179,3.842064633,11.68261066,91.59,6.09,45.95,1
83.81099809,2753.307205,39.89670553,-2.719202281,15.08488318,67.83,37.67,54.91,1
112.9686812,1806.965732,7.535590773,-2.879551601,12.75713829,93.75,-9.65,25.78,1
37.96432518,1268.030457,28.35941445,1.109809889,7.172218214,27.08,-36.6,44.52,0
47.63845762,1057.565353,10.09654568,-0.889715302,5.860585497,35.68,-47.12,28.09,0
34.070456,2510.274511,13.99378102,3.398613029,12.90299099,23.62,25.51,31.59,0
59.27972977,2240.619103,21.37527316,4.000231234,10.73175351,46.03,12.03,38.24,0
64.98095607,2408.159536,33.68385571,-1.465786207,13.84271444,51.09,20.41,49.32,0
54.42141286,1425.928323,39.20417346,-2.63129441,7.669252108,41.71,-28.7,54.28,0
104.5863758,1272.742951,28.41367069,2.805255152,8.074983306,86.3,-36.36,44.57,1
62.1077994,1029.089331,10.88833911,-2.251939645,9.404268632,48.54,-48.55,28.8,0
55.28410587,1701.175118,11.06785011,3.226143185,9.896416408,42.47,-14.94,28.96,0
78.84264748,2179.835374,26.87911508,-0.762617464,11.43256909,63.42,8.99,43.19,1
42.68318025,1784.48809,1.938857288,1.675498993,9.380622857,31.27,-10.78,20.74,0
102.1977283,1874.949844,-4.476294343,-4.044646862,12.49057303,84.18,-6.25,14.97,1
36.70955793,2808.317389,7.731107882,1.238593247,14.84889523,25.96,40.42,25.96,0
118.8198243,1696.510934,4.361949583,-0.482323213,9.362583986,98.95,-15.17,22.93,1
99.50202924,2027.978978,4.815406023,0.866084632,13.02699289,81.78,1.4,23.33,1
47.88441134,2567.306025,1.680387552,-3.319857923,13.00967466,35.9,28.37,20.51,0
30.49699054,1793.085565,-7.895340518,2.368737449,11.59868094,20.44,-10.35,11.89,0
103.3915286,2244.1734,-9.106303263,3.627970775,14.5686478,85.24,12.21,10.8,1
93.61716095,2724.727417,39.38611949,-2.832601999,14.56981916,76.55,36.24,54.45,1
95.61064512,2899.041247,11.38865669,-4.042854445,17.4532633,78.32,44.95,29.25,1
99.4143312,1294.146962,9.216332358,-4.76361414,8.291805196,81.7,-35.29,27.29,1
36.66401866,2853.17525,23.98236413,1.419715004,15.65469811,25.92,42.66,40.58,0
62.26191557,1984.232586,0.912694393,1.070940361,11.67413533,48.68,-0.79,19.82,0
40.42821536,1516.488777,37.4980592,0.466974127,7.183680167,29.27,-24.18,52.75,0
107.6793083,1918.271512,29.31725072,-2.680529039,10.72780552,89.05,-4.09,45.39,1
86.09683141,2960.065151,-5.529449884,-1.090940041,17.5747895,69.86,48,14.02,1
59.78082224,1985.236188,10.87903879,0.944763352,10.70657457,46.47,-0.74,28.79,0
35.72025153,1657.503221,33.95591538,-0.032331411,8.257743574,25.08,-17.12,49.56,0
57.98840895,2266.801709,37.23660111,4.877855202,11.31262379,44.88,13.34,52.51,0
59.26649898,1480.291238,13.37007556,-3.635602474,8.767616403,46.01,-25.99,31.03,0
95.66455605,1151.726656,20.67056946,1.95144554,9.586286993,78.37,-42.41,37.6,1
87.38017242,1257.759444,-1.648302695,-0.956812319,6.956646411,71,-37.11,17.52,1
109.8491468,1256.091678,39.55843131,-0.718003851,8.084536354,90.98,-37.2,54.6,1
72.49934326,1303.805387,1.583585069,2.175977657,9.430677835,57.78,-34.81,20.43,0
40.76348213,1277.654345,37.13658871,1.924361513,6.810264936,29.57,-36.12,52.42,0
94.19203085,2281.74949,22.48233245,4.912559937,13.66751333,77.06,14.09,39.23,1
98.47065438,1363.760169,20.38683974,-3.716057105,7.410470293,80.86,-31.81,37.35,1
80.51494778,1691.334567,15.63442555,-3.958903506,10.22016753,64.9,-15.43,33.07,1
99.3870462,2793.57682,1.533490586,2.243388171,15.8204475,81.68,39.68,20.38,1
74.44160367,1947.923281,-1.1735984,0.78386917,12.24943053,59.5,-2.6,17.94,0
77.04595464,2335.115477,1.024310454,-2.258393334,14.32588763,61.82,16.76,19.92,1
68.47869165,1344.639742,-0.678086893,-4.20580631,10.56294287,54.2,-32.77,18.39,0
32.28772141,1384.578038,28.97922368,-4.143417504,7.734183028,22.03,-30.77,45.08,0
39.71022843,1081.737233,7.506262958,3.941908747,6.571881681,28.63,-45.91,25.76,0
32.82862671,1337.870126,-7.107866172,-3.081326753,7.518946326,22.51,-33.11,12.6,0
87.27693701,1557.180678,38.45513151,-1.766284379,8.740735991,70.91,-22.14,53.61,1
58.2920383,1354.020969,34.18929425,-2.733435978,7.85053343,45.15,-32.3,49.77,0
75.7713622,1177.405068,36.38761416,-1.450036942,6.699673922,60.69,-41.13,51.75,1
111.6809827,1241.271742,39.74539113,-4.305761573,8.081812582,92.61,-37.94,54.77,1
52.43630062,1921.557536,-1.305237539,0.190597909,11.99288154,39.94,-3.92,17.83,0
66.93446307,1412.667437,9.812100945,-4.323874364,7.16764664,52.83,-29.37,27.83,0
97.99960247,1728.539722,27.91192379,3.003565078,11.55355694,80.44,-13.57,44.12,1
50.59183489,2006.834542,24.8010309,-2.662879181,12.03522779,38.3,0.34,41.32,0
36.92819188,2380.789657,-2.305204683,0.400119146,12.55949922,26.16,19.04,16.93,0
56.07763076,1078.62428,30.79165625,3.800790876,4.198926278,43.18,-46.07,46.71,0
44.50991585,2598.820798,1.222028592,1.50877369,13.30952324,32.9,29.94,20.1,0
113.6727887,2255.800779,1.190880741,0.329577866,14.84743274,94.38,12.79,20.07,1
102.7308342,1163.518064,16.84872114,-1.756662469,7.628151855,84.65,-41.82,34.16,1
87.00633809,2747.157248,19.64699674,-1.669980869,14.23004138,70.67,37.36,36.68,1
108.4314531,2841.744801,19.00431039,1.694869552,15.73338113,89.72,42.09,36.1,1
102.3304869,1122.15592,-5.42565813,4.941393612,8.700507753,84.29,-43.89,14.12,1
46.7913053,1553.755296,33.87304313,1.618391898,8.961157481,34.93,-22.31,49.49,0
110.3303099,2612.40256,3.280002129,0.577834174,15.0142219,91.4,30.62,21.95,1
78.54080177,2496.519381,-3.524253936,2.306505102,13.79102622,63.15,24.83,15.83,1
102.669614,1369.042039,34.43740399,-0.347943877,8.152031968,84.6,-31.55,49.99,1
110.648217,1418.698647,37.78257491,-4.398576574,7.874264342,91.69,-29.07,53,1
58.62031275,1740.944206,33.10638086,0.622968159,11.18012821,45.44,-12.95,48.8,0
39.90467321,1969.04597,30.47580374,4.576252845,10.15353239,28.8,-1.55,46.43,0
50.51416463,2236.509543,22.76209903,-3.246970576,13.08495942,38.23,11.83,39.49,0
68.43970098,1737.827279,17.54286853,1.900048908,11.46081925,54.17,-13.11,34.79,0
103.6213289,1925.069432,-5.650662004,-2.990663113,12.66287136,85.44,-3.75,13.91,1
107.4657525,2494.941876,10.42266065,0.358276845,14.09892582,88.86,24.75,28.38,1
30.62569175,1073.366406,8.634425851,-4.033235504,6.175734631,20.56,-46.33,26.77,0
75.96725723,1504.873889,2.987689188,-0.496290637,8.974753371,60.86,-24.76,21.69,1
67.56699028,2426.699172,26.17100568,2.561633289,12.39627275,53.39,21.33,42.55,0
49.98970294,2790.413675,14.79378675,-1.524284758,15.08255531,37.77,39.52,32.31,0
40.78788306,2023.354884,-5.947689205,1.649117245,9.862442701,29.59,1.17,13.65,0
60.38536543,2064.226971,1.009160097,2.954499608,12.79506494,47.01,3.21,19.91,0
114.8618734,1214.344023,24.16293818,4.271778195,7.790864247,95.43,-39.28,40.75,1
59.08826388,1894.824734,-6.193457025,-2.653579181,10.8393758,45.86,-5.26,13.43,0
76.69115596,2065.234533,32.5603457,-1.006840842,11.78747497,61.5,3.26,48.3,1
93.2717063,1484.941007,14.75732635,-3.475839867,8.779385729,76.24,-25.75,32.28,1
62.72666421,1538.486462,14.02932887,4.924835022,9.541111157,49.09,-23.08,31.63,0
117.4603874,1754.568326,19.62038923,4.270009679,10.57904212,97.74,-12.27,36.66,1
116.6202565,1040.142396,31.2340483,0.399571303,8.104061062,97,-47.99,47.11,1
52.66040662,1644.158331,7.390460395,3.420332944,7.956725492,40.14,-17.79,25.65,0
74.75236553,1422.896014,23.90080763,0.209579773,8.503186277,59.78,-28.86,40.51,0
57.07904788,1654.994704,18.2865982,1.23585688,11.2096932,44.07,-17.25,35.46,0
55.63564449,1239.524264,3.351413508,-4.108755679,6.153226078,42.79,-38.02,22.02,0
33.31982526,2781.054561,33.93149932,2.552704205,13.63119048,22.95,39.05,49.54,0
84.86079006,2187.184907,29.87130108,-3.722865164,12.73664922,68.77,9.36,45.88,1
75.24111209,2358.204638,22.92259173,3.260676303,13.34402159,60.21,17.91,39.63,1
34.63308761,2578.342477,32.52908645,2.820280877,13.6943218,24.12,28.92,48.28,0
55.07818178,1996.884398,33.36471005,2.087446977,11.30414906,42.29,-0.16,49.03,0
111.7439297,1173.840576,25.41814884,-4.638396195,8.34546957,92.66,-41.31,41.88,1
51.56057016,2074.213084,31.85066642,-1.968716441,12.13440851,39.16,3.71,47.67,0
43.04053849,2173.682236,24.87357308,-2.368874301,11.81923865,31.59,8.68,41.39,0
74.05074842,2490.878948,24.00703859,-1.398635925,13.41212259,59.16,24.54,40.61,0
118.7085409,1863.319092,20.93056891,-4.123572532,12.03032712,98.85,-6.83,37.84,1
51.78497444,1255.160606,27.63583198,4.36957823,9.066113479,39.36,-37.24,43.87,0
90.49219927,1567.551812,-2.069744735,0.538022407,9.551807417,73.77,-21.62,17.14,1
98.54576538,1726.164593,34.04353796,-1.944756893,9.228430881,80.93,-13.69,49.64,1
51.38737896,2291.834483,33.59217639,-1.030184829,13.22717335,39.01,14.59,49.23,0
95.53947138,2141.556609,-8.537635848,-0.527974595,12.56772843,78.26,7.08,11.32,1
63.10048194,1712.193452,31.29083753,1.005943334,7.367577277,49.42,-14.39,47.16,0
86.90752475,2973.030498,-3.556506626,0.156794277,17.49099355,70.58,48.65,15.8,1
87.01767397,2211.549639,6.755942713,4.193919732,12.32103165,70.68,10.58,25.08,1
78.21972157,1474.453583,27.17541281,-0.030365171,8.573463983,62.86,-26.28,43.46,1
38.1260793,1203.564945,-1.962005198,4.921580148,7.279594099,27.22,-39.82,17.23,0
105.1772246,1305.718278,30.89835121,3.514249577,8.619079539,86.82,-34.71,46.81,1
58.87020585,1491.915457,31.6067089,-2.914894856,8.942919283,45.66,-25.4,47.45,0
46.78666594,1321.362747,15.37338669,4.305952146,7.082505378,34.92,-33.93,32.84,0
33.66976274,1373.134048,-9.680706414,-3.836336021,8.033888277,23.26,-31.34,10.29,0
83.18036489,1570.190337,4.351906659,3.174497085,9.306728153,67.27,-21.49,22.92,1
90.98079257,1346.747191,20.84634592,-1.193767065,9.047885814,74.21,-32.66,37.76,1
31.4929046,2793.530849,39.0593089,3.779743204,14.93567903,21.33,39.68,54.15,0
76.08837525,1160.467491,21.59067635,3.680566901,6.283176503,60.97,-41.98,38.43,1
50.38461977,2049.022779,2.990179053,3.059254001,12.40066424,38.12,2.45,21.69,0
88.06555114,1820.793654,21.70028515,2.900304363,10.19932213,71.61,-8.96,38.53,1
45.69297861,2964.757234,16.99926899,-1.953208609,16.31711459,33.95,48.24,34.3,0
92.18439643,1224.077804,28.99226976,-4.190807169,7.915717351,75.28,-38.8,45.09,1
64.80618117,1795.711198,-4.650968059,-0.970198212,12.13026702,50.94,-10.21,14.81,0
114.305699,2938.940867,28.05139513,-3.26475485,16.37889573,94.94,46.95,44.25,1
42.37688497,2731.014252,17.06332893,1.949510889,14.0411442,31,36.55,34.36,0
60.69597159,2634.144142,38.14960019,-1.539002735,13.93755445,47.29,31.71,53.33,0
40.21261691,1515.805654,7.093608302,4.756102009,8.151847803,29.08,-24.21,25.38,0
113.2224256,1341.775175,21.63109466,1.409720773,9.599246965,93.98,-32.91,38.47,1
108.9605418,2337.28644,36.60140528,3.224805636,11.98006254,90.19,16.86,51.94,1
53.21474649,2858.751978,-4.8745136,-3.674753273,14.24287494,40.64,42.94,14.61,0
89.39856414,2113.525786,36.86142436,3.620144823,11.02778739,72.8,5.68,52.18,1
103.549998,2143.225379,24.39428612,4.227571905,13.62031874,85.38,7.16,40.95,1
79.96807304,1559.958187,-6.608147045,-0.129380812,11.17196582,64.42,-22,13.05,1
77.66855205,2538.985866,5.048178347,1.062529378,14.12524525,62.37,26.95,23.54,1
51.76670618,1374.087497,25.40860443,2.648098009,7.562306782,39.35,-31.3,41.87,0
38.3792491,1647.358473,-6.632469927,-3.251613727,9.043205797,27.45,-17.63,13.03,0
110.7494182,1850.872877,19.10852301,0.025660765,12.44091565,91.78,-7.46,36.2,1
111.0376251,2015.220757,7.294152848,-1.013369722,11.26616054,92.03,0.76,25.56,1
86.97913115,1484.819465,21.04577589,-3.536260078,9.085503369,70.65,-25.76,37.94,1
60.51268119,1229.673649,-7.712898309,-1.324655777,8.371208811,47.12,-38.52,12.06,0
61.42886172,2221.240085,33.57684031,-4.318276906,12.37055512,47.94,11.06,49.22,0
95.3360111,1577.261106,38.67444846,-4.741880931,9.453606458,78.08,-21.14,53.81,1
110.7399234,2162.476443,38.44389276,-3.648337108,13.53433773,91.77,8.12,53.6,1
109.8377782,1308.725431,27.48259159,4.631151116,5.901259041,90.97,-34.56,43.73,1
100.1887991,1962.280204,-3.495687993,0.495295359,12.54286806,82.39,-1.89,15.85,1
87.78284815,2065.178865,27.9131598,4.658221612,11.28809066,71.36,3.26,44.12,1
37.57259685,1103.647074,-8.770654177,-0.675021217,4.506510314,26.73,-44.82,11.11,0
44.54658427,1673.208556,-8.893822424,-1.881838669,9.800660131,32.93,-16.34,11,0
110.869877,1268.829354,6.180510957,0.061418628,9.875240303,91.88,-36.56,24.56,1
84.57861537,1126.749941,14.43215952,-0.604883114,7.025405409,68.51,-43.66,31.99,1
30.82773465,2979.920465,28.52037089,-3.943353157,16.06552726,20.74,49,44.67,0
39.13243886,1644.70769,24.16476883,1.408263147,10.41906569,28.12,-17.76,40.75,0
89.71515922,2619.748892,12.29513532,-2.839618175,15.9998222,73.08,30.99,30.07,1
30.45554255,1509.28131,3.681333314,1.195879549,9.794544981,20.4,-24.54,22.31,0
44.47272463,2363.005444,39.85622501,1.502010924,13.09310728,32.86,18.15,54.87,0
79.38604104,2520.45572,11.30906511,-3.479751469,14.04794986,63.9,26.02,29.18,1
92.27056779,2191.277481,12.56935122,-4.386503729,10.94254433,75.35,9.56,30.31,1
88.67651336,1943.152377,-1.81880894,2.807615861,11.34564623,72.16,-2.84,17.36,1
50.18423785,1823.681828,29.74047744,-0.401995762,8.969382656,37.94,-8.82,45.77,0
94.09612992,1697.736533,24.68411129,-4.418362045,12.16215601,76.97,-15.11,41.22,1
51.35241787,2859.058288,1.038480639,4.948663172,15.28452908,38.98,42.95,19.93,0
59.28597283,2661.238816,-5.880947719,-4.42219439,14.54126199,46.03,33.06,13.71,0
97.18422646,2930.053821,24.0249651,1.950352289,16.96369993,79.72,46.5,40.62,1
88.46696091,1248.594447,22.72556071,4.836789253,7.97376197,71.97,-37.57,39.45,1
106.4301069,2461.73495,3.66297635,-2.608198958,16.0174522,87.94,23.09,22.3,1
89.18516031,2876.680914,37.54317811,-3.577506313,15.06170144,72.61,43.83,52.79,1
81.1477743,1362.466132,-2.447105411,-3.786150606,8.540780139,65.46,-31.88,16.8,1
38.4307291,1132.992535,11.61674005,-1.967248524,5.515921814,27.49,-43.35,29.46,0
63.09442228,2482.241299,37.18079601,-3.98954189,11.86157821,49.42,24.11,52.46,0
53.86821309,2148.946226,10.98636585,1.921613417,11.15811105,41.22,7.45,28.89,0
51.9590679,2683.657554,21.92629738,-4.377082019,14.06985689,39.52,34.18,38.73,0
117.5709499,1279.544753,9.879719898,0.094221281,8.22386998,97.84,-36.02,27.89,1
65.37879522,2590.534624,3.710760117,4.966968539,13.6797295,51.45,29.53,22.34,0
110.28419,1403.25464,39.1988824,3.139702695,7.517841793,91.36,-29.84,54.28,1
86.80247634,1327.311886,10.46670032,1.152194382,8.219402211,70.49,-33.63,28.42,1
101.5330173,1328.531596,34.70496018,-1.937463792,6.763424436,83.58,-33.57,50.23,1
75.23733838,2629.14944,1.497730295,1.238958363,15.43274138,60.21,31.46,20.35,1
81.92134962,2330.394441,0.655235201,0.270414639,13.37439904,66.15,16.52,19.59,1
74.32659244,2046.13085,-8.443295856,-0.739166161,10.32189257,59.4,2.31,11.4,0
47.5718689,1717.660968,22.58334127,-3.692896233,8.893912843,35.62,-14.12,39.33,0
95.02069037,2754.401082,8.426317186,3.866042152,14.9519809,77.8,37.72,26.58,1
55.26951262,1784.890215,33.21791249,-0.502153512,10.00177211,42.46,-10.76,48.9,0
32.18843698,2633.198879,13.66049533,-3.053774882,14.92199538,21.95,31.66,31.29,0
88.09250663,1878.269817,38.4096714,-1.322406491,8.85425784,71.64,-6.09,53.57,1
45.93996115,1753.888859,-0.723724215,-0.858702475,9.784745764,34.17,-12.31,18.35,0
114.6412726,1925.359571,33.4311584,3.275378956,11.5234403,95.24,-3.73,49.09,1
115.8535719,1602.755748,28.82984264,2.336143806,10.78397614,96.31,-19.86,44.95,1
112.3377951,2495.21876,28.54609223,2.693048936,14.73137688,93.19,24.76,44.69,1
63.31428302,2005.44078,32.23916141,-4.889687356,10.07243799,49.61,0.27,48.02,0
31.39109549,1464.42539,28.05119955,-0.838460018,7.32522913,21.24,-26.78,44.25,0
113.5486706,2799.149147,21.31101608,-0.186558484,15.25198637,94.27,39.96,38.18,1
68.53657335,1767.782443,-3.437756116,-4.808077232,11.17578606,54.25,-11.61,15.91,0
116.9989337,2087.105722,-8.373691025,-2.401867913,12.80849981,97.33,4.36,11.46,1
116.7257979,2812.944222,36.04239239,2.602898231,18.01809078,97.09,40.65,51.44,1
106.770851,2248.475992,20.83251573,-3.628902943,12.99994392,88.24,12.42,37.75,1
56.50040029,1233.796081,29.82686455,0.353101315,6.30290604,43.56,-38.31,45.84,0
64.65879557,2879.664247,14.07611758,-2.84798128,13.95158214,50.81,43.98,31.67,0
106.6023004,2255.416106,-4.134590552,-4.878792254,11.500969,88.09,12.77,15.28,1
58.52298046,1669.811229,-3.74071039,-2.587985424,7.895147354,45.35,-16.51,15.63,0
45.2543472,1278.544145,24.27826436,4.758737549,7.464913805,33.56,-36.07,40.85,0
80.11211362,2588.050379,11.51529474,3.015371119,15.02652737,64.54,29.4,29.36,1
114.2539297,2240.145512,0.026236335,4.595766443,12.04222608,94.89,12.01,19.02,1
92.6426817,2066.922184,14.57972734,-0.121459561,12.93306181,75.68,3.35,32.12,1
81.30550531,2787.785166,-6.789553146,-3.902638013,15.03279128,65.6,39.39,12.89,1
38.74588444,2577.194422,19.0985701,0.47959489,13.63108496,27.77,28.86,36.19,0
85.3506504,1303.349759,3.449670222,-0.456226654,9.787798932,69.2,-34.83,22.1,1
119.1048465,1623.444136,29.87795503,3.443570827,11.2006845,99.2,-18.83,45.89,1
42.60756137,1496.97828,5.518097946,-4.019174192,7.892755772,31.21,-25.15,23.97,0
76.64966871,2487.892585,12.76100745,-0.11758863,12.95012634,61.47,24.39,30.48,1
108.9635765,1067.064869,-9.418973005,-3.499513353,5.351984805,90.19,-46.65,10.52,1
96.6691756,2139.77937,-6.37765561,-1.753240731,11.92430638,79.26,6.99,13.26,1
92.73141669,2524.917371,9.62467782,2.373570774,14.2430453,75.76,26.25,27.66,1
93.22356756,2753.531274,13.99694174,-0.239818706,14.49778421,76.2,37.68,31.6,1
62.35420361,1684.163497,20.00102741,-1.241117149,9.299400804,48.76,-15.79,37,0
56.42326598,2642.514609,4.583128935,-1.055237214,14.34040184,43.49,32.13,23.12,0
102.842504,1221.263474,24.74909431,-0.405532316,7.678654555,84.75,-38.94,41.27,1
102.9102055,2692.904583,33.00611986,2.850165438,14.62816821,84.81,34.65,48.71,1
108.0365087,1254.977325,28.99254944,3.920846889,8.431971381,89.37,-37.25,45.09,1
112.1916497,1794.574581,-8.019058733,4.553346865,11.87543754,93.06,-10.27,11.78,1
76.0208159,2594.590732,14.02534736,2.869033863,13.34878844,60.91,29.73,31.62,1
75.13646652,1299.834855,-4.753491079,-1.845931043,9.404992963,60.12,-35.01,14.72,1
101.8465661,1458.50279,2.102250793,1.881347061,9.266275046,83.86,-27.07,20.89,1
88.49675377,2444.505137,39.33312966,-0.623968759,13.59926002,72,22.23,54.4,1
93.17701895,2440.073073,-2.875222855,-2.45329378,14.72727358,76.16,22,16.41,1
101.6213402,2282.295266,14.94440767,3.408715794,13.62993666,83.66,14.11,32.45,1
110.1004808,2387.896889,20.90778672,-4.61573651,14.74708073,91.2,19.39,37.82,1
60.41956412,2085.448887,25.12324853,4.017619921,11.79205599,47.04,4.27,41.61,0
63.80246574,1503.598118,17.98243417,-0.385225354,7.990221427,50.05,-24.82,35.18,0
38.45837459,1691.391987,-9.511457629,1.372014768,9.723905971,27.52,-15.43,10.44,0
82.04521269,1363.195434,6.323065412,1.593539222,7.297730737,66.26,-31.84,24.69,1
33.23480464,2816.901123,15.88558217,3.951177407,14.81744091,22.88,40.85,33.3,0
71.90382163,2166.78359,-5.606675043,1.366696822,12.33583204,57.25,8.34,13.95,0
78.83801712,1801.702834,7.53134656,1.139335848,10.33602426,63.41,-9.91,25.78,1
55.78871269,1924.011607,-8.33984456,-4.333479594,10.56068884,42.92,-3.8,11.49,0
83.17499345,2894.566679,-6.071075142,0.184080219,14.32071738,67.27,44.73,13.54,1
32.74502249,1306.702806,9.84616381,-3.498309992,6.436278635,22.44,-34.66,27.86,0
33.36133699,2172.459664,-3.364212298,2.374337687,11.72724221,22.99,8.62,15.97,0
104.0340505,2011.777358,18.37704241,0.122219208,12.11932034,85.81,0.59,35.54,1
62.41715773,2222.908471,24.47324846,1.802277792,11.14454622,48.82,11.15,41.03,0
41.43544614,1036.220368,30.02933496,-4.583270994,6.837727122,30.16,-48.19,46.03,0
77.0018934,2744.247818,0.007512212,-4.15207984,14.27046459,61.78,37.21,19.01,1
99.29941978,2864.236565,-1.625870887,2.163233881,17.35778415,81.6,43.21,17.54,1
49.42389247,2130.266367,-4.771607983,-4.27915664,11.98634543,37.27,6.51,14.71,0
86.06014282,2393.301648,21.82151248,-4.287432722,12.69464568,69.83,19.67,38.64,1
37.68127185,2844.998762,25.32378632,-4.878915248,16.35432482,26.83,42.25,41.79,0
34.65135491,2414.477269,-8.420692759,4.565013983,11.79293396,24.13,20.72,11.42,0
77.82191684,1305.078086,36.81061231,2.375083595,8.704129324,62.51,-34.75,52.13,1
78.65716094,2152.57672,-7.401435817,-1.467485915,13.36659892,63.25,7.63,12.34,1
87.36869113,2213.430093,17.06481677,-2.034644187,11.91221658,70.99,10.67,34.36,1
95.34822004,1848.261343,25.45302597,-1.502967703,12.24111712,78.09,-7.59,41.91,1
117.8266872,2472.888471,33.54845619,2.746535312,14.21784108,98.07,23.64,49.19,1
76.46703135,2868.73403,25.70434661,1.613706111,15.95307212,61.3,43.44,42.13,1
59.06608256,2851.137026,30.08640415,-3.148044321,15.30202325,45.84,42.56,46.08,0
101.5667575,1901.678743,6.972509627,-3.258906647,11.23792783,83.61,-4.92,25.28,1
54.37490261,1226.476092,30.74125569,-4.016043503,7.602792922,41.67,-38.68,46.67,0
69.50742786,2969.682398,-5.994257681,1.603027197,17.14008266,55.12,48.48,13.61,0
37.06107432,2677.796173,34.7408328,2.643726622,12.11357385,26.28,33.89,50.27,0
32.28156691,1249.325362,17.37961881,-2.349535717,7.952316133,22.03,-37.53,34.64,0
116.6383573,2841.683765,30.8648885,-4.79055039,14.42632859,97.01,42.08,46.78,1
105.2382108,2739.792724,12.61591423,-4.178283325,16.5847664,86.88,36.99,30.35,1
92.63767855,2037.676114,22.17888476,4.678600348,13.08640844,75.68,1.88,38.96,1
66.805765,2182.550871,16.32013305,-2.045552225,10.93333533,52.72,9.13,33.69,0
45.59648881,1798.005408,26.57947609,2.692231478,9.30611471,33.86,-10.1,42.92,0
44.07933384,1109.523278,-5.918500898,1.246635689,5.420082476,32.51,-44.52,13.67,0
52.52186083,1670.394483,-6.9823958,-1.180603603,9.221894453,40.02,-16.48,12.72,0
79.43039982,2605.706897,2.355161701,-2.943127378,14.19726276,63.94,30.29,21.12,1
94.31363304,1009.264046,-2.022765994,-3.786135818,7.618897009,77.17,-49.54,17.18,1
89.4177639,1666.998343,33.58917833,1.15012968,11.13226785,72.82,-16.65,49.23,1
55.19405073,1796.337387,0.960699368,2.746337806,11.5540349,42.39,-10.18,19.86,0
115.9378753,2074.791206,38.79326279,1.439042535,11.78578416,96.39,3.74,53.91,1
96.4107225,2839.711233,6.844789589,0.303021332,15.85819148,79.03,41.99,25.16,1
79.89186473,1692.691989,-0.894104216,-4.580487766,8.249385455,64.35,-15.37,18.2,1
85.05486716,1693.906404,29.48492536,4.684887776,9.210456675,68.94,-15.3,45.54,1
67.76400562,2475.002496,22.93538878,2.987141917,14.5554046,53.57,23.75,39.64,0
52.29578906,1904.435882,14.90978582,-2.071779633,11.97242677,39.82,-4.78,32.42,0
62.03754108,1449.209646,17.76817755,4.799703294,7.218759502,48.48,-27.54,34.99,0
98.20614994,1904.879032,25.96008891,1.018815896,10.66701749,80.63,-4.76,42.36,1
31.29541398,1281.714041,1.422737067,0.824226582,7.018572153,21.15,-35.91,20.28,0
40.44653765,1352.773973,39.8166958,2.480731794,7.529216773,29.29,-32.36,54.84,0
34.14023778,1996.735545,38.73965811,3.117697881,9.563013318,23.68,-0.16,53.87,0
33.66559221,1837.850899,22.51628432,1.564786073,10.10840812,23.26,-8.11,39.26,0
106.9914526,2829.691802,-0.022877454,-3.719042536,15.70310621,88.44,41.48,18.98,1
93.32920734,1724.787798,24.01141212,-1.61732494,10.187437,76.29,-13.76,40.61,1
72.67564462,2161.176701,-6.390079551,4.280836403,12.99800653,57.93,8.06,13.25,0
38.80507446,2264.528576,-8.46737489,-2.753843882,12.10722507,27.83,13.23,11.38,0
74.24542876,1026.188913,2.884144426,-1.278329762,6.112275913,59.33,-48.69,21.6,0
72.61245937,2327.074744,13.13114784,-0.679231171,12.82632469,57.88,16.35,30.82,0
45.58816829,1356.071934,33.41362527,-0.605950103,7.25144532,33.86,-32.2,49.07,0
69.04664843,2922.140635,26.35845349,1.129395825,15.39192245,54.71,46.11,42.72,0
65.8654261,1297.325456,27.13532606,4.430758377,7.406709228,51.88,-35.13,43.42,0
85.42650882,1829.248247,11.27466672,-2.593072882,12.26287973,69.27,-8.54,29.15,1
87.15842858,1170.699336,7.296749627,-3.784986237,7.971067617,70.81,-41.47,25.57,1
34.07736088,2993.748504,8.551938149,-3.025295101,15.17853118,23.62,49.69,26.7,0
63.71513532,2004.390021,39.38247819,3.869249002,11.7154599,49.97,0.22,54.44,0
86.32739241,2190.770035,-7.994540429,1.458108127,12.47026718,70.07,9.54,11.8,1
75.28226327,1134.152955,33.35157481,-2.140932108,7.951790966,60.25,-43.29,49.02,1
107.0840857,2499.920941,18.93377043,3.15946939,14.91637499,88.52,25,36.04,1
89.28242685,1419.811186,11.93077096,3.613699964,8.766505613,72.7,-29.01,29.74,1
44.66409844,2796.108579,26.26288302,3.465143387,15.16286726,33.03,39.81,42.64,0
36.35118727,1410.279281,14.33344707,4.189265336,6.189887487,25.65,-29.49,31.9,0
87.81773504,1381.375441,33.6711619,-2.477589798,7.125425126,71.39,-30.93,49.3,1
32.38601795,1073.099336,35.0350932,2.550419287,4.545453678,22.12,-46.35,50.53,0
82.71980231,1944.13389,11.08604634,-0.394605027,11.39530998,66.86,-2.79,28.98,1
114.6207217,2129.682267,3.841389862,3.419985529,14.73752643,95.22,6.48,22.46,1
81.79267601,1131.417279,19.61751643,2.284906772,9.3966121,66.04,-43.43,36.66,1
64.93529336,2551.055233,35.61816728,2.764474465,14.4187857,51.05,27.55,51.06,0
87.89593966,1906.577669,0.53310945,1.561618377,11.83316907,71.46,-4.67,19.48,1
71.24276014,2048.780539,21.14832918,-3.225712305,9.559445501,56.66,2.44,38.03,0
79.10551104,1881.525494,21.578011,0.450269189,10.24479186,63.65,-5.92,38.42,1
114.7318328,1801.526122,26.65565112,4.846697395,10.39332792,95.32,-9.92,42.99,1
64.7492374,2119.280663,-3.421615744,4.373880665,11.43597304,50.89,5.96,15.92,0
116.5071507,1310.480492,25.79124823,-4.568262642,8.319441294,96.9,-34.48,42.21,1
111.4815578,1363.856261,35.45162603,-3.351851843,8.121750067,92.43,-31.81,50.91,1
47.62120213,2723.571242,-1.015844556,-3.682712265,12.49065752,35.66,36.18,18.09,0
36.24251708,2892.230924,1.877166246,2.2597991,15.98293753,25.55,44.61,20.69,0
39.07002012,1746.618633,38.5697547,3.177853299,8.151388591,28.06,-12.67,53.71,0
31.63996431,1541.489346,-0.951152365,-2.864886337,8.503057815,21.46,-22.93,18.14,0
38.49986647,2287.999086,32.71925467,0.05852693,13.95863869,27.56,14.4,48.45,0
91.47060961,1817.468342,14.61389282,3.40703028,9.953441292,74.64,-9.13,32.15,1
36.40697836,1050.772711,2.36155372,2.328015448,3.497940527,25.7,-47.46,21.13,0
58.70780673,1312.305195,33.53749506,0.422372055,7.126974097,45.52,-34.38,49.18,0
106.038778,2431.944458,12.26526275,0.903476905,15.28590916,87.59,21.6,30.04,1
32.09447422,2317.847884,15.7408677,0.083605469,14.03457584,21.86,15.89,33.17,0
103.3021634,1054.191985,7.96166847,-2.024515487,5.96710145,85.16,-47.29,26.17,1
55.36692973,1443.944324,19.64754257,0.650219929,8.646790609,42.55,-27.8,36.68,0
40.63483449,1462.149593,-1.823806371,1.888853021,7.733037853,29.45,-26.89,17.36,0
92.70634488,2343.785487,9.554076833,3.733229159,13.48356209,75.74,17.19,27.6,1
86.60485621,1039.421076,38.47061612,1.36291354,9.229727094,70.32,-48.03,53.62,1
108.9724812,1208.217164,2.906671635,2.61121537,6.766834861,90.2,-39.59,21.62,1
96.15639394,2599.832171,22.83683323,-3.39928365,14.84568155,78.81,29.99,39.55,1
102.3132837,1357.089324,6.259503211,-0.384425256,9.225277677,84.28,-32.15,24.63,1
55.38311153,2305.492216,28.67365628,-4.906683802,13.28697256,42.56,15.27,44.81,0
45.96955894,1476.365562,-3.456316964,-2.533211355,8.357768972,34.2,-26.18,15.89,0
97.55532765,1198.882786,38.49105225,2.264617151,7.936599012,80.05,-40.06,53.64,1
102.6151265,1486.344382,12.68947707,4.918099513,9.113024088,84.55,-25.68,30.42,1
119.1454628,2444.533864,1.802523167,-4.008219004,14.73643371,99.24,22.23,20.62,1
67.13559092,2711.392936,-6.325162633,-0.985056841,14.59018415,53.01,35.57,13.31,0
63.48162772,2660.439729,-1.512104746,3.000709687,15.29854543,49.76,33.02,17.64,0
99.87716647,1794.367059,15.98869743,-2.959643654,10.35109201,82.11,-10.28,33.39,1
60.67231862,2336.170273,6.850158822,0.550849493,13.21942203,47.26,16.81,25.17,0
113.7681593,1409.968591,31.44416829,2.33071296,9.051423032,94.46,-29.5,47.3,1
107.2571477,1586.295461,11.54437618,1.159854503,11.12202238,88.67,-20.69,29.39,1
68.60946246,2792.671637,2.435713629,-3.119752654,15.16620399,54.32,39.63,21.19,0
97.5783961,1026.003847,20.85724933,-1.446154313,5.056597566,80.07,-48.7,37.77,1
97.90885867,1171.017062,25.33886084,2.837917845,8.90693291,80.36,-41.45,41.8,1
39.2811482,1415.77251,-1.647904605,0.542265141,6.991500215,28.25,-29.21,17.52,0
111.2297616,1053.064408,-1.619039186,-4.947703865,6.703910208,92.2,-47.35,17.54,1
75.47271352,1362.87087,-8.166428653,2.6099076,7.888108842,60.42,-31.86,11.65,1
104.3811719,2166.083122,26.82010075,-4.646886451,13.88486954,86.12,8.3,43.14,1
58.80446409,1842.849101,23.19022638,2.457337827,8.096478445,45.6,-7.86,39.87,0
110.5970906,2785.343422,13.73154379,-2.975194398,19.04983619,91.64,39.27,31.36,1
65.02815109,2634.887123,32.20852245,4.580734801,15.34639227,51.14,31.74,47.99,0
30.97538863,1683.634703,30.28350765,-1.320592487,8.918467353,20.87,-15.82,46.26,0
111.4843779,1518.846867,19.26771822,-1.730683837,9.524430194,92.43,-24.06,36.34,1
38.21580091,1759.384816,33.41356403,-3.511119497,9.40732495,27.3,-12.03,49.07,0
58.73822738,2180.589885,0.292060502,-1.943957845,12.53759706,45.55,9.03,19.26,0
115.505577,1536.127282,-4.40401903,3.766507618,10.79299895,96,-23.19,15.04,1
115.5546432,2248.297816,3.487480576,4.963343376,14.2222119,96.05,12.41,22.14,1
81.60940993,1818.823304,-7.145657196,-1.316904695,10.84783483,65.88,-9.06,12.57,1
86.8653491,2104.094362,16.5584764,-0.51389369,11.8794388,70.55,5.2,33.9,1
70.36009698,1872.253058,36.83028461,2.220709382,10.31551238,55.88,-6.39,52.15,0
56.38896945,1588.931519,-8.032822967,3.861957805,9.073715668,43.46,-20.55,11.77,0
59.57980908,2896.906614,-3.894504299,0.930443342,16.87675769,46.29,44.85,15.49,0
90.52666105,2527.211588,12.60995141,-1.084743018,14.88150608,73.8,26.36,30.35,1
97.71370765,1280.226352,36.69375088,-0.873781592,5.021866319,80.19,-35.99,52.02,1
101.2421139,2736.935952,5.807805249,1.956181465,16.36603021,83.33,36.85,24.23,1
101.0656329,1974.862396,15.36174043,-4.967817364,11.78770891,83.17,-1.26,32.83,1
38.20854927,2789.104454,-7.921357047,1.195893375,14.80607487,27.3,39.46,11.87,0
74.49782742,2599.710512,-2.582839952,-1.445069896,14.08246696,59.55,29.99,16.68,0
35.1802884,1850.427009,39.33150615,2.941973313,10.77479767,24.6,-7.48,54.4,0
79.45759941,1044.938617,38.25593482,-4.070093602,7.256709377,63.96,-47.75,53.43,1
69.73774512,1537.354719,-9.753000953,0.882022669,8.432641518,55.32,-23.13,10.22,0
109.8933764,2083.268429,37.59058927,-0.190271101,12.63964794,91.02,4.16,52.83,1
61.58235113,2266.95644,21.95599689,1.423255259,11.41791018,48.07,13.35,38.76,0
40.53603148,1515.775371,33.39591473,-4.351464055,6.54547625,29.37,-24.21,49.06,0
42.86925138,1278.712148,12.73699278,0.799837874,6.520853752,31.44,-36.06,30.46,0
98.53595685,2669.860474,15.77980143,0.61484588,16.04306234,80.92,33.49,33.2,1
85.6396257,2968.804361,14.44232901,0.606600944,17.3837141,69.46,48.44,32,1
39.10104085,2051.380365,23.34321288,1.034876666,11.34962223,28.09,2.57,40.01,0
37.56961255,1343.358572,-3.017437262,1.764679372,8.27639565,26.73,-32.83,16.28,0
93.08722183,1544.614653,-8.501320506,3.049889997,10.27750589,76.08,-22.77,11.35,1
36.54867057,1036.781353,5.39649708,-2.301792799,5.150379827,25.82,-48.16,23.86,0
103.9674053,2828.597613,25.23403814,3.250494102,16.49943316,85.75,41.43,41.71,1
93.56180044,1235.502166,0.092672606,-0.017443177,8.847706342,76.5,-38.22,19.08,1
37.32139026,2153.032951,23.67162167,-4.229417209,11.90228516,26.51,7.65,40.3,0
37.63539427,1548.110441,38.49560231,-4.414490708,9.164782719,26.79,-22.59,53.65,0
118.7975621,2108.356005,-5.304964211,-1.657616813,13.62935625,98.93,5.42,14.23,1
63.68437162,2302.840777,23.63010591,2.848969771,12.98850756,49.94,15.14,40.27,0
63.35779324,2659.483607,12.18751097,2.076809347,15.57515331,49.65,32.97,29.97,0
103.1519611,1412.842544,33.40711272,2.886149647,8.853244042,85.02,-29.36,49.07,1
115.252372,1021.991657,-1.142510528,0.172690564,6.549736897,95.78,-48.9,17.97,1
118.7400957,1273.77126,24.63129761,-0.59801002,8.316337975,98.88,-36.31,41.17,1
97.80403667,2800.037284,31.90576448,-3.525474733,14.78654262,80.27,40,47.72,1
63.8633627,2747.780155,37.23071097,-1.718072464,13.91714047,50.1,37.39,52.51,0
37.5150645,2194.826204,24.16240141,-0.659806338,11.31849544,26.68,9.74,40.75,0
99.94322243,2201.033721,14.8587382,-4.113995703,11.93960588,82.17,10.05,32.37,1
80.25638248,2330.073349,20.89236201,-2.793880473,12.65479283,64.67,16.5,37.8,1
68.17998083,1350.742557,33.44524922,0.982252941,5.918712832,53.94,-32.46,49.1,0
111.5718947,2828.823892,18.53048733,2.356631142,16.47424512,92.51,41.44,35.68,1
40.00777341,1837.54105,-8.480647015,4.983475114,10.22337692,28.9,-8.12,11.37,0
74.33625939,1766.277056,36.54743478,4.331133313,9.265481491,59.41,-11.69,51.89,0
31.02182803,2037.835411,24.47633755,1.425651995,11.26686547,20.91,1.89,41.03,0
72.17945778,1093.931934,23.82566929,-0.787519467,7.588936684,57.49,-45.3,40.44,0
35.06729481,1332.566738,0.78375762,1.361773647,5.789635353,24.5,-33.37,19.71,0
40.69361246,2476.067233,22.94427351,2.856516181,12.28773639,29.51,23.8,39.65,0
40.57736221,1165.597336,9.693220283,-3.816638091,5.658960228,29.4,-41.72,27.72,0
88.42892719,2206.304219,22.56164885,-0.900951103,11.60755152,71.94,10.32,39.31,1
97.14403913,1490.698219,-4.670348485,3.398022856,10.37449089,79.68,-25.47,14.8,1
82.50318886,1778.591228,22.89226523,-1.161670481,10.08542101,66.67,-11.07,39.6,1
116.5955294,1577.387474,39.97068629,0.718722712,9.576187932,96.97,-21.13,54.97,1
63.73835216,1711.345433,-7.589398057,0.877693609,7.929856632,49.99,-14.43,12.17,0
55.71408777,2438.09181,38.85870921,-3.155237469,13.45691462,42.86,21.9,53.97,0
108.1739215,1594.243431,10.34539804,-1.377645583,8.750653844,89.49,-20.29,28.31,1
50.12362547,2132.809281,33.53767252,-1.654887113,11.3414282,37.89,6.64,49.18,0
116.6900285,1952.100804,29.1192742,-4.738032915,11.9383478,97.06,-2.39,45.21,1
31.09390272,2327.342331,18.35081305,-4.758082361,13.2929977,20.97,16.37,35.52,0
117.2890944,2873.659479,26.92246046,3.316970437,15.23554339,97.59,43.68,43.23,1
33.88439208,2465.144194,33.92577807,-2.2692919,9.57656012,23.45,23.26,49.53,0
110.2028802,1429.880757,10.20701608,0.180787662,9.440664404,91.29,-28.51,28.19,1
77.49309982,1062.36627,6.351658078,-2.012744264,8.53830562,62.22,-46.88,24.72,1
119.3668317,1524.528089,23.37966928,4.406792451,11.14733051,99.44,-23.77,40.04,1
36.64169083,2190.155861,30.3922971,-2.407032411,11.5171386,25.9,9.51,46.35,0
79.8468856,1102.851627,28.11425674,-0.703431873,6.317314138,64.31,-44.86,44.3,1
117.2372282,1992.732494,29.89068244,3.727302505,12.92844188,97.54,-0.36,45.9,1
77.07880598,2193.685698,11.77916574,3.419335668,11.52124682,61.85,9.68,29.6,1
86.64587743,1668.487782,30.89171081,-3.138985822,10.14862754,70.35,-16.58,46.8,1
92.61738201,2541.824407,-3.989547231,3.026433098,15.1976283,75.66,27.09,15.41,1
70.90869583,1213.196506,17.2244549,-0.418131133,8.359577872,56.36,-39.34,34.5,0
86.48022721,1150.275563,-9.712066975,-0.170311279,10.33265373,70.2,-42.49,10.26,1
82.58828807,2456.377512,6.229291495,-3.665200276,14.15382037,66.75,22.82,24.61,1
111.1042209,1990.982632,8.323076744,-4.193984862,11.45898364,92.09,-0.45,26.49,1
34.09017423,2376.804793,9.80863458,2.27939307,12.51054858,23.64,18.84,27.83,0
55.28668706,1869.654677,24.77336033,-0.035388476,8.436135965,42.48,-6.52,41.3,0
115.5370336,1492.804066,9.427905064,-0.631492974,8.966824033,96.03,-25.36,27.49,1
110.1237406,2638.204635,12.43468113,2.295082287,14.92872121,91.22,31.91,30.19,1
71.00910775,2598.831758,1.877206544,2.65512899,13.95113435,56.45,29.94,20.69,0
85.8119338,2389.392942,8.662589581,-3.410918323,13.62660481,69.61,19.47,26.8,1
54.96430647,1544.290274,1.363481363,1.102251495,8.0177503,42.19,-22.79,20.23,0
46.93090438,2180.461334,-6.340203812,-3.646459177,12.91596369,35.05,9.02,13.29,0
71.73285644,1721.947794,20.17242967,2.51375086,9.918291392,57.1,-13.9,37.16,0
61.80170052,1183.164147,23.41063993,1.569551563,6.95553457,48.27,-40.84,40.07,0
82.52905007,2834.627151,20.9745173,4.566146211,15.42306125,66.69,41.73,37.88,1
36.99611733,1273.637262,13.17470219,-4.310419836,7.002239723,26.22,-36.32,30.86,0
117.6955327,2900.474708,8.989289009,-4.429452788,17.45860598,97.95,45.02,27.09,1
118.758967,1892.011546,33.16668248,-2.178129253,10.57109615,98.9,-5.4,48.85,1
